country_cd,country_name
US,United States
CA,Canada
GB,United Kingdom
IT,Italy
DE,Germany
US,United States
CA,Canada
US,United States
CA,Canada
GB,United Kingdom
IT,Italy
DE,Germany
US,United States
CA,Canada
US,United States
CA,Canada
GB,United Kingdom
IT,Italy
DE,Germany
US,United States
CA,Canada
US,United States
CA,Canada
GB,United Kingdom
IT,Italy
DE,Germany
US,United States
CA,Canada
US,United States
CA,Canada
GB,United Kingdom
IT,Italy
DE,Germany
US,United States
CA,Canada
US,United States
CA,Canada
GB,United Kingdom
IT,Italy
DE,Germany
US,United States
CA,Canada
US,United States
CA,Canada
GB,United Kingdom
IT,Italy
DE,Germany
US,United States
CA,Canada
US,United States
CA,Canada
GB,United Kingdom
IT,Italy
DE,Germany
US,United States
CA,Canada
US,United States
CA,Canada
GB,United Kingdom
IT,Italy
DE,Germany
US,United States
CA,Canada
US,United States
CA,Canada
GB,United Kingdom
IT,Italy
DE,Germany
US,United States
CA,Canada
US,United States
CA,Canada
GB,United Kingdom
IT,Italy
DE,Germany
US,United States
CA,Canada
US,United States
CA,Canada
GB,United Kingdom
IT,Italy
DE,Germany
US,United States
CA,Canada
US,United States
CA,Canada
GB,United Kingdom
IT,Italy
DE,Germany
US,United States
CA,Canada
US,United States
CA,Canada
GB,United Kingdom
IT,Italy
DE,Germany
US,United States
CA,Canada
US,United States
CA,Canada
GB,United Kingdom
IT,Italy
DE,Germany
US,United States
CA,Canada
US,United States
CA,Canada
GB,United Kingdom
IT,Italy
DE,Germany
US,United States
CA,Canada
US,United States
CA,Canada
GB,United Kingdom
IT,Italy
DE,Germany
US,United States
CA,Canada
US,United States
CA,Canada
GB,United Kingdom
IT,Italy
DE,Germany
US,United States
CA,Canada
US,United States
CA,Canada
GB,United Kingdom
IT,Italy
DE,Germany
US,United States
CA,Canada
US,United States
CA,Canada
GB,United Kingdom
IT,Italy
DE,Germany
US,United States
CA,Canada
US,United States
CA,Canada
GB,United Kingdom
IT,Italy
DE,Germany
US,United States
CA,Canada
US,United States
CA,Canada
GB,United Kingdom
IT,Italy
DE,Germany
US,United States
CA,Canada
US,United States
CA,Canada
GB,United Kingdom
IT,Italy
DE,Germany
US,United States
CA,Canada
US,United States
CA,Canada
GB,United Kingdom
IT,Italy
DE,Germany
US,United States
CA,Canada
US,United States
CA,Canada
GB,United Kingdom
IT,Italy
DE,Germany
US,United States
CA,Canada
US,United States
CA,Canada
GB,United Kingdom
IT,Italy
DE,Germany
US,United States
CA,Canada
US,United States
CA,Canada
GB,United Kingdom
IT,Italy
DE,Germany
US,United States
CA,Canada
US,United States
CA,Canada
GB,United Kingdom
IT,Italy
DE,Germany
US,United States
CA,Canada
US,United States
CA,Canada
GB,United Kingdom
IT,Italy
DE,Germany
US,United States
CA,Canada
US,United States
CA,Canada
GB,United Kingdom
IT,Italy
DE,Germany
US,United States
CA,Canada
US,United States
CA,Canada
GB,United Kingdom
IT,Italy
DE,Germany
US,United States
CA,Canada
US,United States
CA,Canada
GB,United Kingdom
IT,Italy
DE,Germany
US,United States
CA,Canada
US,United States
CA,Canada
GB,United Kingdom
IT,Italy
DE,Germany
US,United States
CA,Canada
US,United States
CA,Canada
GB,United Kingdom
IT,Italy
DE,Germany
US,United States
CA,Canada
US,United States
CA,Canada
GB,United Kingdom
IT,Italy
DE,Germany
US,United States
CA,Canada
US,United States
CA,Canada
GB,United Kingdom
IT,Italy
DE,Germany
US,United States
CA,Canada
US,United States
CA,Canada
GB,United Kingdom
IT,Italy
DE,Germany
US,United States
CA,Canada
US,United States
CA,Canada
GB,United Kingdom
IT,Italy
DE,Germany
US,United States
CA,Canada
US,United States
CA,Canada
GB,United Kingdom
IT,Italy
DE,Germany
US,United States
CA,Canada
US,United States
CA,Canada
GB,United Kingdom
IT,Italy
DE,Germany
US,United States
CA,Canada
US,United States
CA,Canada
GB,United Kingdom
IT,Italy
DE,Germany
US,United States
CA,Canada
US,United States
CA,Canada
GB,United Kingdom
IT,Italy
DE,Germany
US,United States
CA,Canada
US,United States
CA,Canada
GB,United Kingdom
IT,Italy
DE,Germany
US,United States
CA,Canada
US,United States
CA,Canada
GB,United Kingdom
IT,Italy
DE,Germany
US,United States
CA,Canada
US,United States
CA,Canada
GB,United Kingdom
IT,Italy
DE,Germany
US,United States
CA,Canada
US,United States
CA,Canada
GB,United Kingdom
IT,Italy
DE,Germany
US,United States
CA,Canada
US,United States
CA,Canada
GB,United Kingdom
IT,Italy
DE,Germany
US,United States
CA,Canada
US,United States
CA,Canada
GB,United Kingdom
IT,Italy
DE,Germany
US,United States
CA,Canada
US,United States
CA,Canada
GB,United Kingdom
IT,Italy
DE,Germany
US,United States
CA,Canada
US,United States
CA,Canada
GB,United Kingdom
IT,Italy
DE,Germany
US,United States
CA,Canada
US,United States
CA,Canada
GB,United Kingdom
IT,Italy
DE,Germany
US,United States
CA,Canada
US,United States
CA,Canada
GB,United Kingdom
IT,Italy
DE,Germany
US,United States
CA,Canada
US,United States
CA,Canada
GB,United Kingdom
IT,Italy
DE,Germany
US,United States
CA,Canada
US,United States
CA,Canada
GB,United Kingdom
IT,Italy
DE,Germany
US,United States
CA,Canada
US,United States
CA,Canada
GB,United Kingdom
IT,Italy
DE,Germany
US,United States
CA,Canada
US,United States
CA,Canada
GB,United Kingdom
IT,Italy
DE,Germany
US,United States
CA,Canada
US,United States
CA,Canada
GB,United Kingdom
IT,Italy
DE,Germany
US,United States
CA,Canada
US,United States
CA,Canada
GB,United Kingdom
IT,Italy
DE,Germany
US,United States
CA,Canada
US,United States
CA,Canada
GB,United Kingdom
IT,Italy
DE,Germany
US,United States
CA,Canada
US,United States
CA,Canada
GB,United Kingdom
IT,Italy
DE,Germany
US,United States
CA,Canada
US,United States
CA,Canada
GB,United Kingdom
IT,Italy
DE,Germany
US,United States
CA,Canada
US,United States
CA,Canada
GB,United Kingdom
IT,Italy
DE,Germany
US,United States
CA,Canada
US,United States
CA,Canada
GB,United Kingdom
IT,Italy
DE,Germany
US,United States
CA,Canada
US,United States
CA,Canada
GB,United Kingdom
IT,Italy
DE,Germany
US,United States
CA,Canada
US,United States
CA,Canada
GB,United Kingdom
IT,Italy
DE,Germany
US,United States
CA,Canada
US,United States
CA,Canada
GB,United Kingdom
IT,Italy
DE,Germany
US,United States
CA,Canada
US,United States
CA,Canada
GB,United Kingdom
IT,Italy
DE,Germany
US,United States
CA,Canada
US,United States
CA,Canada
GB,United Kingdom
IT,Italy
DE,Germany
US,United States
CA,Canada
US,United States
CA,Canada
GB,United Kingdom
IT,Italy
DE,Germany
US,United States
CA,Canada
US,United States
CA,Canada
GB,United Kingdom
IT,Italy
DE,Germany
US,United States
CA,Canada
US,United States
CA,Canada
GB,United Kingdom
IT,Italy
DE,Germany
US,United States
CA,Canada
US,United States
CA,Canada
GB,United Kingdom
IT,Italy
DE,Germany
US,United States
CA,Canada
US,United States
CA,Canada
GB,United Kingdom
IT,Italy
DE,Germany
US,United States
CA,Canada
US,United States
CA,Canada
GB,United Kingdom
IT,Italy
DE,Germany
US,United States
CA,Canada
US,United States
CA,Canada
GB,United Kingdom
IT,Italy
DE,Germany
US,United States
CA,Canada
US,United States
CA,Canada
GB,United Kingdom
IT,Italy
DE,Germany
US,United States
CA,Canada
US,United States
CA,Canada
GB,United Kingdom
IT,Italy
DE,Germany
US,United States
CA,Canada
US,United States
CA,Canada
GB,United Kingdom
IT,Italy
DE,Germany
US,United States
CA,Canada
US,United States
CA,Canada
GB,United Kingdom
IT,Italy
DE,Germany
US,United States
CA,Canada
US,United States
CA,Canada
GB,United Kingdom
IT,Italy
DE,Germany
US,United States
CA,Canada
US,United States
CA,Canada
GB,United Kingdom
IT,Italy
DE,Germany
US,United States
CA,Canada
US,United States
CA,Canada
GB,United Kingdom
IT,Italy
DE,Germany
US,United States
CA,Canada
US,United States
CA,Canada
GB,United Kingdom
IT,Italy
DE,Germany
US,United States
CA,Canada
US,United States
CA,Canada
GB,United Kingdom
IT,Italy
DE,Germany
US,United States
CA,Canada
US,United States
CA,Canada
GB,United Kingdom
IT,Italy
DE,Germany
US,United States
CA,Canada
US,United States
CA,Canada
GB,United Kingdom
IT,Italy
DE,Germany
US,United States
CA,Canada
US,United States
CA,Canada
GB,United Kingdom
IT,Italy
DE,Germany
US,United States
CA,Canada
US,United States
CA,Canada
GB,United Kingdom
IT,Italy
DE,Germany
US,United States
CA,Canada
US,United States
CA,Canada
GB,United Kingdom
IT,Italy
DE,Germany
US,United States
CA,Canada
US,United States
CA,Canada
GB,United Kingdom
IT,Italy
DE,Germany
US,United States
CA,Canada
US,United States
CA,Canada
GB,United Kingdom
IT,Italy
DE,Germany
US,United States
CA,Canada
US,United States
CA,Canada
GB,United Kingdom
IT,Italy
DE,Germany
US,United States
CA,Canada
US,United States
CA,Canada
GB,United Kingdom
IT,Italy
DE,Germany
US,United States
CA,Canada
US,United States
CA,Canada
GB,United Kingdom
IT,Italy
DE,Germany
US,United States
CA,Canada
US,United States
CA,Canada
GB,United Kingdom
IT,Italy
DE,Germany
US,United States
CA,Canada
US,United States
CA,Canada
GB,United Kingdom
IT,Italy
DE,Germany
US,United States
CA,Canada
US,United States
CA,Canada
GB,United Kingdom
IT,Italy
DE,Germany
US,United States
CA,Canada
US,United States
CA,Canada
GB,United Kingdom
IT,Italy
DE,Germany
US,United States
CA,Canada
US,United States
CA,Canada
GB,United Kingdom
IT,Italy
DE,Germany
US,United States
CA,Canada
US,United States
CA,Canada
GB,United Kingdom
IT,Italy
DE,Germany
US,United States
CA,Canada
US,United States
CA,Canada
GB,United Kingdom
IT,Italy
DE,Germany
US,United States
CA,Canada
US,United States
CA,Canada
GB,United Kingdom
IT,Italy
DE,Germany
US,United States
CA,Canada
US,United States
CA,Canada
GB,United Kingdom
IT,Italy
DE,Germany
US,United States
CA,Canada
US,United States
CA,Canada
GB,United Kingdom
IT,Italy
DE,Germany
US,United States
CA,Canada
US,United States
CA,Canada
GB,United Kingdom
IT,Italy
DE,Germany
US,United States
CA,Canada
US,United States
CA,Canada
GB,United Kingdom
IT,Italy
DE,Germany
US,United States
CA,Canada
US,United States
CA,Canada
GB,United Kingdom
IT,Italy
DE,Germany
US,United States
CA,Canada
US,United States
CA,Canada
GB,United Kingdom
IT,Italy
DE,Germany
US,United States
CA,Canada
US,United States
CA,Canada
GB,United Kingdom
IT,Italy
DE,Germany
US,United States
CA,Canada
US,United States
CA,Canada
GB,United Kingdom
IT,Italy
DE,Germany
US,United States
CA,Canada
US,United States
CA,Canada
GB,United Kingdom
IT,Italy
DE,Germany
US,United States
CA,Canada
US,United States
CA,Canada
GB,United Kingdom
IT,Italy
DE,Germany
US,United States
CA,Canada
US,United States
CA,Canada
GB,United Kingdom
IT,Italy
DE,Germany
US,United States
CA,Canada
US,United States
CA,Canada
GB,United Kingdom
IT,Italy
DE,Germany
US,United States
CA,Canada
US,United States
CA,Canada
GB,United Kingdom
IT,Italy
DE,Germany
US,United States
CA,Canada
US,United States
CA,Canada
GB,United Kingdom
IT,Italy
DE,Germany
US,United States
CA,Canada
US,United States
CA,Canada
GB,United Kingdom
IT,Italy
DE,Germany
US,United States
CA,Canada
US,United States
CA,Canada
GB,United Kingdom
IT,Italy
DE,Germany
US,United States
CA,Canada
US,United States
CA,Canada
GB,United Kingdom
IT,Italy
DE,Germany
US,United States
CA,Canada
US,United States
CA,Canada
GB,United Kingdom
IT,Italy
DE,Germany
US,United States
CA,Canada
US,United States
CA,Canada
GB,United Kingdom
IT,Italy
DE,Germany
US,United States
CA,Canada
US,United States
CA,Canada
GB,United Kingdom
IT,Italy
DE,Germany
US,United States
CA,Canada
US,United States
CA,Canada
GB,United Kingdom
IT,Italy
DE,Germany
US,United States
CA,Canada
US,United States
CA,Canada
GB,United Kingdom
IT,Italy
DE,Germany
US,United States
CA,Canada
US,United States
CA,Canada
GB,United Kingdom
IT,Italy
DE,Germany
US,United States
CA,Canada
US,United States
CA,Canada
GB,United Kingdom
IT,Italy
DE,Germany
US,United States
CA,Canada
US,United States
CA,Canada
GB,United Kingdom
IT,Italy
DE,Germany
US,United States
CA,Canada
US,United States
CA,Canada
GB,United Kingdom
IT,Italy
DE,Germany
US,United States
CA,Canada
US,United States
CA,Canada
GB,United Kingdom
IT,Italy
DE,Germany
US,United States
CA,Canada
US,United States
CA,Canada
GB,United Kingdom
IT,Italy
DE,Germany
US,United States
CA,Canada
US,United States
CA,Canada
GB,United Kingdom
IT,Italy
DE,Germany
US,United States
CA,Canada
US,United States
CA,Canada
GB,United Kingdom
IT,Italy
DE,Germany
US,United States
CA,Canada
US,United States
CA,Canada
GB,United Kingdom
IT,Italy
DE,Germany
US,United States
CA,Canada
US,United States
CA,Canada
GB,United Kingdom
IT,Italy
DE,Germany
US,United States
CA,Canada
US,United States
CA,Canada
GB,United Kingdom
IT,Italy
DE,Germany
US,United States
CA,Canada
US,United States
CA,Canada
GB,United Kingdom
IT,Italy
DE,Germany
US,United States
CA,Canada
US,United States
CA,Canada
GB,United Kingdom
IT,Italy
DE,Germany
US,United States
CA,Canada
US,United States
CA,Canada
GB,United Kingdom
IT,Italy
DE,Germany
US,United States
CA,Canada
US,United States
CA,Canada
GB,United Kingdom
IT,Italy
DE,Germany
US,United States
CA,Canada
US,United States
CA,Canada
GB,United Kingdom
IT,Italy
DE,Germany
US,United States
CA,Canada
US,United States
CA,Canada
GB,United Kingdom
IT,Italy
DE,Germany
US,United States
CA,Canada
US,United States
CA,Canada
GB,United Kingdom
IT,Italy
DE,Germany
US,United States
CA,Canada
US,United States
CA,Canada
GB,United Kingdom
IT,Italy
DE,Germany
US,United States
CA,Canada
US,United States
CA,Canada
GB,United Kingdom
IT,Italy
DE,Germany
US,United States
CA,Canada
US,United States
CA,Canada
GB,United Kingdom
IT,Italy
DE,Germany
US,United States
CA,Canada
US,United States
CA,Canada
GB,United Kingdom
IT,Italy
DE,Germany
US,United States
CA,Canada
US,United States
CA,Canada
GB,United Kingdom
IT,Italy
DE,Germany
US,United States
CA,Canada
US,United States
CA,Canada
GB,United Kingdom
IT,Italy
DE,Germany
US,United States
CA,Canada
US,United States
CA,Canada
GB,United Kingdom
IT,Italy
DE,Germany
US,United States
CA,Canada
US,United States
CA,Canada
GB,United Kingdom
IT,Italy
DE,Germany
US,United States
CA,Canada
US,United States
CA,Canada
GB,United Kingdom
IT,Italy
DE,Germany
US,United States
CA,Canada
US,United States
CA,Canada
GB,United Kingdom
IT,Italy
DE,Germany
US,United States
CA,Canada
US,United States
CA,Canada
GB,United Kingdom
IT,Italy
DE,Germany
US,United States
CA,Canada
US,United States
CA,Canada
GB,United Kingdom
IT,Italy
DE,Germany
US,United States
CA,Canada
US,United States
CA,Canada
GB,United Kingdom
IT,Italy
DE,Germany
US,United States
CA,Canada
US,United States
CA,Canada
GB,United Kingdom
IT,Italy
DE,Germany
US,United States
CA,Canada
US,United States
CA,Canada
GB,United Kingdom
IT,Italy
DE,Germany
US,United States
CA,Canada
US,United States
CA,Canada
GB,United Kingdom
IT,Italy
DE,Germany
US,United States
CA,Canada
US,United States
CA,Canada
GB,United Kingdom
IT,Italy
DE,Germany
US,United States
CA,Canada
US,United States
CA,Canada
GB,United Kingdom
IT,Italy
DE,Germany
US,United States
CA,Canada
US,United States
CA,Canada
GB,United Kingdom
IT,Italy
DE,Germany
US,United States
CA,Canada
US,United States
CA,Canada
GB,United Kingdom
IT,Italy
DE,Germany
US,United States
CA,Canada
US,United States
CA,Canada
GB,United Kingdom
IT,Italy
DE,Germany
US,United States
CA,Canada
US,United States
CA,Canada
GB,United Kingdom
IT,Italy
DE,Germany
US,United States
CA,Canada
US,United States
CA,Canada
GB,United Kingdom
IT,Italy
DE,Germany
US,United States
CA,Canada
US,United States
CA,Canada
GB,United Kingdom
IT,Italy
DE,Germany
US,United States
CA,Canada
US,United States
CA,Canada
GB,United Kingdom
IT,Italy
DE,Germany
US,United States
CA,Canada
US,United States
CA,Canada
GB,United Kingdom
IT,Italy
DE,Germany
US,United States
CA,Canada
US,United States
CA,Canada
GB,United Kingdom
IT,Italy
DE,Germany
US,United States
CA,Canada
US,United States
CA,Canada
GB,United Kingdom
IT,Italy
DE,Germany
US,United States
CA,Canada
US,United States
CA,Canada
GB,United Kingdom
IT,Italy
DE,Germany
US,United States
CA,Canada
US,United States
CA,Canada
GB,United Kingdom
IT,Italy
DE,Germany
US,United States
CA,Canada
US,United States
CA,Canada
GB,United Kingdom
IT,Italy
DE,Germany
US,United States
CA,Canada
US,United States
CA,Canada
GB,United Kingdom
IT,Italy
DE,Germany
US,United States
CA,Canada
US,United States
CA,Canada
GB,United Kingdom
IT,Italy
DE,Germany
US,United States
CA,Canada